{
  "canisters": {
    "image_backend": {
      "main": "src/image_backend/main.mo",
      "type": "motoko"
    },
    "image_frontend": {
      "dependencies": [
        "image_backend"
      ],
      "frontend": {
        "entrypoint": "src/image_frontend/src/index.html"
      },
      "source": [
        "src/image_frontend/assets",
        "dist/image_frontend/"
      ],
      "type": "assets"
    }
  },
  "defaults": {
    "frontend": {
      "entrypoint": "src/image_frontend/src/index.js",
      "type": "js"
    }
    }
}